{
  "mean": [
    0.0034619071520864964,
    0.12249979376792908,
    -0.08725991100072861,
    0.019961794838309288,
    -0.45101580023765564,
    -0.05864577367901802,
    0.6487535834312439,
    -0.03765793889760971,
    0.01869378797709942,
    -0.01207231916487217,
    -0.5866591930389404,
    -0.14393837749958038,
    -0.24982929229736328,
    0.45903900265693665,
    0.14207865297794342,
    -0.02694360353052616,
    -0.03404421731829643,
    -0.4948172867298126,
    -0.05189966410398483,
    -0.08216223865747452,
    0.05828554183244705,
    -0.09049313515424728,
    0.05879775434732437,
    0.05335290729999542,
    0.3241916298866272,
    -0.009828933514654636,
    0.024793893098831177,
    0.0336158461868763,
    -0.06819908320903778,
    -0.03749498352408409,
    0.018065718933939934,
    -0.012026607990264893
  ],
  "std": [
    1.0522990226745605,
    2.5952770709991455,
    2.6844120025634766,
    1.040291666984558,
    2.4318199157714844,
    0.9824415445327759,
    2.3516929149627686,
    0.9695590734481812,
    0.9641939997673035,
    0.9657139182090759,
    2.2766964435577393,
    2.471447706222534,
    2.588355302810669,
    2.5855252742767334,
    2.513000726699829,
    0.9995302557945251,
    1.014883279800415,
    2.5822291374206543,
    0.9990199208259583,
    2.417043924331665,
    1.0134739875793457,
    2.642549753189087,
    2.496150255203247,
    0.9868364930152893,
    2.3914921283721924,
    0.9769431948661804,
    0.9873015880584717,
    2.419905185699463,
    2.6040334701538086,
    0.9970754981040955,
    1.013093113899231,
    1.005691409111023
  ],
  "feature_names": [
    "f0",
    "f1",
    "f2",
    "f3",
    "f4",
    "f5",
    "f6",
    "f7",
    "f8",
    "f9",
    "f10",
    "f11",
    "f12",
    "f13",
    "f14",
    "f15",
    "f16",
    "f17",
    "f18",
    "f19",
    "f20",
    "f21",
    "f22",
    "f23",
    "f24",
    "f25",
    "f26",
    "f27",
    "f28",
    "f29",
    "f30",
    "f31"
  ],
  "class_labels": [
    0,
    1,
    2,
    3
  ]
}