{
  "accuracy": 0.711,
  "precision_macro": 0.717589874976051,
  "recall_macro": 0.7110018080289284,
  "f1_macro": 0.7096912214677824
}